[
  {
    "id": "6294010e-875d-4f43-be9e-34c7326770d2",
    "text": "根号",
    "color": "#ffeb3b",
    "x": 226,
    "y": 174,
    "rotation": 0.3043761546956407,
    "creator": "4bf46823-af28-4343-c94-fdb34fc7f453",
    "nails": 1,
    "created_at": "2025-11-12T23:19:18.537631",
    "last_action": "create"
  },
  {
    "id": "6fe15119-e50c-453b-a432-e2ea44525af0",
    "text": "表白墙",
    "color": "#ffeb3b",
    "x": 1257,
    "y": 1519,
    "rotation": -7.691300849694093,
    "creator": "4bf46823-af28-4343-c94-fdb34fc7f453",
    "nails": 1,
    "created_at": "2025-11-12T23:19:43.085400",
    "last_action": "create"
  }
]